Application Number,Application Type,Active Ingredient,Reference Product Brand Name,Form,Dosage,Reference Product Applicant Name,Approval Date,Reference Product-Marketing Access,RDL,TE Code,Approved ANDA Count,Approved ANDA Details,ANDA Holder-Marketing Access,TA ANDA Count,TA ANDA Details,Discontinued ANDA Count,Discontinued ANDA Details,OB Patent Count,OB Patent Details,OB First Patent Expiry Date,OB Last Patent Expiry Date,OB NCE Status,OB NCE Date,OB Exclusivity Count,OB Exclusivity Details,OB First Exclusivity Expiry Date,OB Last Exclusivity Expiry Date,Orphan Status,REMS Status,DEAS Status,DMF Count,DMF Details,Reference Product Label Link,Pattern link,ExtraAFlag,Pharma Class
793,N,BUTABARBITAL SODIUM,BUTISOL SODIUM,TABLET;ORAL, {30MG},MEDA PHARMS,6/5/1939,"(1)MEDA PHARMS-Meda Pharmaceuticals Inc.,(1)",ZDS,None,0,None,None,0,None,10,"(1)WHITEWORTH TOWN PLSN,83337;(2)IVAX SUB TEVA PHARMS,84040;(3)SANDOZ,84272;(4)HALSEY,84719;(5)HIKMA PHARMS LLC,85432;(6)BUNDY,85550;(7)WATSON LABS,85772;(8)LANNETT,85866;(9)SANDOZ,85934;(10)TEVA,88631;",0,None,None,None,None,None,0,None,None,None,NO,NO,CIII;,2,"(1)CEDARBURG PHARMACEUTICALS(12/18/1999),(2)CHATTEM CHEMICALS INC(10/04/1999)",http://www.accessdata.fda.gov/drugsatfda_docs/label/2007/000793s025lbl.pdf,http://www.accessdata.fda.gov/drugsatfda_docs/label/2007/000793s025lbl.pdf,F,asdf
1546,N,GUANIDINE HYDROCHLORIDE,GUANIDINE HYDROCHLORIDE,TABLET;ORAL, {125MG},MERCK SHARP DOHME,10/2/1939,"(1)MERCK SHARP DOHME-Merck Sharp & Dohme Corp.,(1)",\,None,0,None,None,0,None,0,None,0,None,None,None,None,None,0,None,None,None,NO,NO,None,0,None,NULL,NULL,F,adfg
3444,N,ERGOCALCIFEROL,DRISDOL,CAPSULE;ORAL," {50,000 IU}",US PHARM HOLDINGS,1/11/1941,"(1)US PHARM HOLDINGS-sanofi-aventis U.S. LLC,Validus Pharmaceuticals LLC,Winthrop U.S.,(3)",ASD,AA,5,"(1)80704,BIONPHARMA INC,10/16/1978;(2)40833,ORIT LABS LLC,5/20/2009;(3)91004,SIGMAPHARM LABS LLC,7/14/2010;(4)90455,STRIDES PHARMA,8/03/2010;(5)40865,SUN PHARM INDS INC,12/29/2009;","(1)ORIT LABS LLC-Aidarex Pharmaceuticals LLC,American Health Packaging,Blenheim Pharmacal, Inc.,Breckenridge Pharmaceutical, Inc.,Bryant Ranch Prepack,Dispensing Solutions, Inc.,Golden State Medical Supply, Inc.,KAISER FOUNDATION HOSPITALS,Lake Erie Medical DBA Quality Care Products LLC,PD-Rx Pharmaceuticals, Inc.,Physicians Total Care, Inc.,St Marys Medical Park Pharmacy,(2)SUN PHARM INDS INC-A-S Medication Solutions,A-S Medication Solutions LLC,Aphena Pharma Solutions - Tennessee, LLC,PD-Rx Pharmaceuticals, Inc.,Preferred Pharmaceuticals Inc.,Preferred Pharmaceuticals, Inc.,Sun Pharmaceutical Industries, Inc.,(3)BIONPHARMA INC-AvKARE, Inc.,Banner Life Sciences LLC.,Bionpharma Inc.,Pliva Inc.,(4)STRIDES PHARMA-Avera McKennan Hospital,Preferred Pharmaceuticals Inc.,Proficient Rx LP,REMEDYREPACK INC.,Strides Arcolab Limited,(5)SIGMAPHARM LABS LLC-Carilion Materials Management,Clinical Solutions Wholesale,Proficient Rx LP,ReadyMeds,Rising Pharamceuticals, Inc,SigmaPharm Laboratories, LLC,Unit Dose Services,",0,None,7,"(1)CHASE CHEM,80747;(2)LANNETT,80825;(3)LILLY,80884;(4)IMPAX LABS,80951;(5)EVERYLIFE,80956;(6)WEST WARD,83102;(7)VITARINE,84053;",0,None,None,None,None,None,0,None,None,None,NO,NO,None,3,"(1)CATALENT PHARMA SOLUTIONS LLC(7/13/2001),(2)FORMOSA LABORATORIES INC(9/20/2010),(3)SYNTHESIA AS(10/18/1994)",NULL,NULL,F,sdfgh
4782,N,"ESTROGENS, CONJUGATED",PREMARIN,TABLET;ORAL, {1.25MG}{0.3MG}{0.625MG}{0.9MG}{0.45MG},WYETH PHARMS INC,5/8/1942,"(1)WYETH PHARMS INC-A-S Medication Solutions,A-S Medication Solutions LLC,Aphena Pharma Solutions - Tennessee, Inc.,Avera McKennan Hospital,Cardinal Health,Lake Erie Medical & Surgical Supply DBA Quality Care Products LLC,Physicians Total Care, Inc.,State of Florida DOH Central Pharmacy,Wyeth Pharmaceuticals Inc., a subsidiary of Pfizer Inc.,(9)",ASD,None,0,None,None,0,None,0,None,0,None,None,None,None,None,0,None,None,None,NO,NO,None,2,"(1)PADDOCK LABORATORIES LLC(3/31/1999),(2)XINJIANG NUZILINE BIO PHARMACEUTICAL CO LTD(9/30/2011)",http://www.accessdata.fda.gov/drugsatfda_docs/label/2014/004782s171lbl.pdf,http://www.accessdata.fda.gov/drugsatfda_docs/label/2014/004782s171lbl.pdf,F,fgh
5010,N,MEPERIDINE HYDROCHLORIDE,DEMEROL,TABLET;ORAL, {50MG}{100MG},US PHARM HOLDINGS,11/10/1942,"(1)US PHARM HOLDINGS-Bryant Ranch Prepack,sanofi-aventis U.S. LLC,Validus Pharmaceuticals LLC,(3)",SDF,AA,7,"(1)88639,BARR,7/02/1984;(2)40331,EPIC PHARMA,5/28/1999;(3)40352,MALLINCKRODT,6/13/2000;(4)40893,MIKART,6/24/2009;(5)40110,ROXANE,3/12/1997;(6)40446,SUN PHARM INDS INC,8/08/2002;(7)40191,VINTAGE PHARMS,12/17/1998;","(1)ROXANE-West-Ward Pharmaceuticals Corp.,(2)VINTAGE PHARMS-Bryant Ranch Prepack,Physicians Total Care, Inc.,Qualitest Pharmaceuticals,(3)EPIC PHARMA-Epic Pharma, LLC,(4)MALLINCKRODT-(5)SUN PHARM INDS INC-Caraco Pharmaceutical Laboratories, Ltd.,(6)MIKART-Mikart, Inc.,(7)BARR-Barr Laboratories Inc.,(8)BARR-Barr Laboratories Inc.,",0,None,4,"(1)WATSON LABS,40186;(2)DURAMED PHARMS BARR,40318;(3)SUN PHARM INDS,80448;(4)WYETH AYERST,80454;",0,None,None,None,None,None,0,None,None,None,NO,NO,CII;,2,"(1)AMRI RENSSELAER INC(4/20/1982),(2)MALLINCKRODT INC(2/10/1995)",http://www.accessdata.fda.gov/drugsatfda_docs/label/2011/005010s051lbl.pdf,http://www.accessdata.fda.gov/drugsatfda_docs/label/2011/005010s051lbl.pdf,F,sdfgh
5378,N,METHAMPHETAMINE HYDROCHLORIDE,DESOXYN,TABLET;ORAL, {5MG},RECORDATI RARE,12/31/1943,"(1)RECORDATI RARE-RECORDATI RARE DISEASES, INC.,(1)",SDF,AA,2,"(1)91189,COASTAL PHARMS,4/21/2010;(2)203846,ROXANE,11/17/2015;","(1)COASTAL PHARMS-Mayne Pharma Inc.,Mylan Pharmaceuticals Inc.,(2)ROXANE-",0,None,3,"(1)ABLE,40529;(2)REXAR,84931;(3)TEVA,86359;",0,None,None,None,None,None,0,None,None,None,NO,NO,CII;,2,"(1)CHATTEM CHEMICALS INC(10/04/2002),(2)NATIONAL INSTITUTES HEALTH NATIONAL INSTITUTE DRUG ABUSE(5/31/2001)",http://www.accessdata.fda.gov/drugsatfda_docs/label/2015/005378s030lbl.pdf,http://www.accessdata.fda.gov/drugsatfda_docs/label/2015/005378s030lbl.pdf,F,asdf
5856,N,TRIMETHADIONE,TRIDIONE,TABLET;ORAL, {150MG},ABBVIE,1/25/1946,"(1)ABBVIE-AbbVie Inc.,(1)",FASD,None,0,None,None,0,None,0,None,0,None,None,None,None,None,0,None,None,None,NO,NO,None,0,None,http://www.accessdata.fda.gov/drugsatfda_docs/label/2012/005856s021lbl.pdf,http://www.accessdata.fda.gov/drugsatfda_docs/label/2012/005856s021lbl.pdf,F,asdf
5929,N,DIHYDROERGOTAMINE MESYLATE,D.H.E. 45,INJECTABLE;INJECTION, {1MG/ML},VALEANT,4/12/1946,"(1)VALEANT-Valeant Pharmaceuticals North America,(1)",FASD,AP,2,"(1)40453,EUROHLTH INTL SARL,6/09/2003;(2)40475,PADDOCK LLC,4/28/2003;","(1)EUROHLTH INTL SARL-(2)PADDOCK LLC-Paddock Laboratories, LLC,",0,None,0,None,0,None,None,None,None,None,0,None,None,None,NO,NO,None,3,"(1)BOEHRINGER INGELHEIM PHARMA GMBH AND CO KG(4/26/1993),(2)EUTICALS SPA(1/13/2009),(3)TEVA PHARMACEUTICAL INDUSTRIES LTD(6/28/2000)",http://www.accessdata.fda.gov/drugsatfda_docs/label/2002/05929s32s33lbl.pdf,http://www.accessdata.fda.gov/drugsatfda_docs/label/2002/05929s32s33lbl.pdf,F,assdf
5939,N,DIMERCAPROL,BAL,INJECTABLE;INJECTION, {10%},AKORN,5/6/1946,"(1)AKORN-Akorn, Inc.,(1)",SADF,None,0,None,None,0,None,0,None,0,None,None,None,None,None,0,None,None,None,NO,NO,None,0,None,http://www.accessdata.fda.gov/drugsatfda_docs/label/2007/005939s007lbl.pdf,http://www.accessdata.fda.gov/drugsatfda_docs/label/2007/005939s007lbl.pdf,F,asdf
